date,Area_A_SSTA,Area_B_SSTA,Area_A_SSHA,Area_B_SSHA,SCSI,PC2
1993-01,300.4175018655966,298.12290763740714,0.13586660777385157,-0.13966544190665342,1.332788551400141,-1.225137086271533
1993-02,300.2212689673123,297.29673512574533,0.041442093639575975,-0.1636766633565045,0.9802786466567938,-2.155945161800644
1993-03,300.94902891161985,298.5151496623851,0.010232243816254417,-0.145071002979146,0.7308873728488108,-2.202042365959189
1993-04,302.55060491093667,300.456694454566,-0.025373189045936398,-0.1310224428997021,0.4823047025222138,-2.3253631492114475
1993-05,303.6752720067779,302.85099574211233,-0.10411086572438162,-0.06454637537239324,-0.2446785301297976,-2.249132393127275
1993-06,303.5259584656568,303.13812065490634,-0.17670918727915197,0.030634359483614697,-1.0846304332223053,-1.8448945111254955
1993-07,302.7205409369017,303.0884475491776,-0.17510362190812723,0.06577030784508442,-1.2524935122426715,-1.4868413319853675
1993-08,302.4912423756934,302.6622106959464,-0.1473404593639576,0.06487706057596822,-1.1090309938962994,-1.2915353116042407
1993-09,302.15954077797886,301.9513144904091,-0.09851276501766784,0.041958689175769615,-0.7498488304466562,-1.1584155248801302
1993-10,302.2539353364646,301.26335074306115,0.04582950530035336,0.03331787487586892,0.01603003318921529,-0.18239478059278963
1993-11,301.9035967552773,299.9970020905565,0.13775618374558304,-0.0612411122144985,0.9496327903926766,-0.4384078388868177
1993-12,300.86775875485836,299.11366876404094,0.19508034452296819,-0.10323247269116188,1.44683585535522,-0.43077989951503753
1994-01,300.75617787809506,298.261207489022,0.11103652826855126,-0.15698699106256206,1.2951986132319453,-1.5783785948544806
1994-02,301.2054350552222,298.60344154439366,0.017378180212014135,-0.16689960278053625,0.875942526576898,-2.3646183488534493
1994-03,301.53772687367143,299.4401367969905,0.08130366607773852,-0.08511271102284013,0.7865230114609125,-1.0886783411112935
1994-04,302.79096287027295,300.9533714327638,-0.030065856890459368,-0.04264716981132076,0.01637888451009028,-1.4889628913555617
1994-05,303.2092417719402,303.0834654532208,-0.12527884275618376,-0.0004350546176762683,-0.6716120819242741,-1.772965585179536
1994-06,302.8173766268835,302.33425564860295,-0.15252018551236748,0.05100546176762661,-1.0655168918484685,-1.4663140494159743
1994-07,302.21010323675756,302.2991328431706,-0.14768140459363957,0.047203376365441904,-1.0222581427180122,-1.4682083013130562
1994-08,301.750992207207,301.6036173385781,-0.1480034893992933,0.03462214498510427,-0.9608852054994058,-1.594558735604603
1994-09,301.738744202029,302.0603299379576,-0.0995446113074205,0.06897159880834161,-0.8902492273296142,-0.8998010061032248
1994-10,302.20031293075624,301.2742234657921,0.06252747349823322,0.05071459781529296,0.012531858938443665,0.1118020632899568
1994-11,301.2875468627502,300.0374211598712,0.1676309628975265,-0.04288560079443893,1.0073016738672556,-0.03788957670132549
1994-12,301.4252561647113,299.6646194501274,0.12239116607773853,-0.10919265143992056,1.1127706180988883,-1.0239094929302088
1995-01,300.9803169949609,298.38729194313055,0.1471123674911661,-0.15132284011916586,1.447448578113407,-1.25733933412141
1995-02,301.0126560678323,297.7750914948147,0.13449677561837456,-0.11681747765640516,1.2115470531174684,-1.0100510813415535
1995-03,301.83534870883426,299.0573467866532,0.014356139575971734,-0.08954826216484608,0.4735694534140217,-1.6245720504216514
1995-04,303.0500693024819,300.6721500743721,-0.010686042402826853,-0.03796295928500497,0.0899494527232085,-1.300325967219802
1995-05,303.47181619211216,301.65276072577143,-0.04885706713780919,-0.017027507447864944,-0.20595516459860852,-1.3746411005533028
1995-06,303.69861684193387,302.75686726339745,-0.15195547703180212,0.03833028798411123,-0.9992340998103023,-1.5870707384947904
1995-07,302.98056475353974,302.92010427570074,-0.12229443462897525,0.08551132075471697,-1.0869443871750661,-0.9040609020022707
1995-08,302.35117560446446,302.19667181224736,-0.120536925795053,0.047980536246276066,-0.8902554948416921,-1.2609895732368597
1995-09,302.11275412383077,301.3383655053183,-0.0949821554770318,0.02517666335650447,-0.6481577308996384,-1.2978388030913945
1995-10,302.41142573934,301.20860930379246,0.016273144876325092,0.02062621648460775,-0.0683996856955358,-0.5247573021728855
1995-11,301.9290545889773,300.4867830983384,0.1913714222614841,0.012055213505461768,0.8511034089214553,0.6780627099027859
1995-12,300.77769104543626,298.7610986129436,0.19489266784452297,-0.04937040714995035,1.1762467555577578,0.09862746732893883
1996-01,300.4095802980127,297.8088381319778,0.1252731007067138,-0.15213555114200597,1.3421833805061072,-1.425905667098282
1996-02,300.59995238860927,297.81883857164297,0.18421616607773855,-0.1468227408142999,1.6106724026203014,-0.9402139656324132
1996-03,301.18681177317853,299.1479049705641,-0.013686660777385156,-0.14024716981132077,0.5869926710946036,-2.3303520520771626
1996-04,302.61196161344566,300.32318882508383,0.025151060070671378,-0.06946375372393247,0.42706301070722874,-1.3472861454825567
1996-05,303.228559474881,301.5840732712445,-0.06456877208480566,-0.0066005958291956305,-0.3368128604172262,-1.3873973942594053
1996-06,303.5390919605174,302.85567937254353,-0.1286707597173145,0.047632969215491566,-0.9292358648198735,-1.3242128282497616
1996-07,302.9501882114513,303.363820377458,-0.11881157243816257,0.0763309831181728,-1.0235486390896344,-0.9689238921694767
1996-08,302.35662024617665,302.31212590220264,-0.1303083922261484,0.07670744786494539,-1.082989836067832,-1.0497360527353987
1996-09,302.34715076008496,302.60785425350883,-0.09296528268551238,0.1368857994041708,-1.1973098554112056,-0.1821664731321537
1996-10,302.42027003436044,302.227037174777,0.02557809187279152,0.10675868917576962,-0.4530211503624596,0.3924484815466687
1996-11,301.90612561755273,300.9132392876705,0.13381532685512368,-0.005052929493545184,0.6486089180860116,0.08632985225223314
1996-12,300.55817226564096,299.8279906458021,0.16553034452296822,-0.08393733862959285,1.2023025733740975,-0.4578797958603406
1997-01,300.2266918211299,297.87519485598386,0.13016625441696114,-0.12925392254220458,1.252127720160636,-1.1644438387927916
1997-02,301.22293059851137,298.2203012022345,0.11035600706713782,-0.06923992055610725,0.8525037648412035,-0.7186725912675697
1997-03,301.54164431803446,298.6131098557392,0.012188250883392223,-0.11331310824230388,0.5816902513521304,-1.8747020602134525
1997-04,302.73701705317995,300.77969545996564,-0.04308060954063605,-0.08707835153922543,0.173658880933489,-2.0224943357999483
1997-05,303.32980319421483,302.4316476300046,-0.07180278268551238,-0.006557398212512413,-0.37324473112957357,-1.4401545339255217
1997-06,302.9328401991086,302.4178653339573,-0.1330590106007067,0.041214101290963256,-0.9190699914108681,-1.4197294095378525
1997-07,302.37235252037743,302.8068749055271,-0.12787177561837457,0.06074369414101292,-0.9908721045204351,-1.189138409110277
1997-08,302.105442831006,301.3130796238269,-0.1273513250883392,0.046315292949354527,-0.9160337026287092,-1.3274977629096292
1997-09,302.16409434568925,301.83206526791156,-0.03934196113074205,0.03561668321747766,-0.421872201637262,-0.7859026632038517
1997-10,302.7033411582182,301.8345373612869,0.0046543286219081275,0.0158103277060576,-0.1024571658256217,-0.6576347290530067
1997-11,302.03524629010917,299.9589698105787,0.08719001766784452,-0.06713455809334658,0.725987854307754,-0.8682363538366077
1997-12,301.95532306657384,299.1122173900621,0.12963476148409894,-0.13031509433962266,1.2547794502384493,-1.1788086407979248
1998-01,301.9580009728423,299.3810316775775,0.09650185512367492,-0.11078788480635551,0.9911472335112105,-1.2299622636097927
1998-02,302.2614528093737,299.78390534711394,0.03683666077738516,-0.09265938430983119,0.6016888384667276,-1.4899590194953933
1998-03,303.0736704818758,300.7615016324096,0.04172561837455831,-0.0355746772591857,0.340381378378,-0.891471645032118
1998-04,303.46392292133737,302.1301451370149,-0.03029677561837456,-0.02039106256206554,-0.09619786176848494,-1.271336340963233
1998-05,304.1700995250565,303.4462307060167,-0.054697173144876335,-0.010792651439920555,-0.2664060190809867,-1.356134476027663
1998-06,304.1005213317779,303.58785012040903,-0.11566254416961132,0.03191598808341608,-0.7854289789424495,-1.3834633097960738
1998-07,303.7155151533658,303.92687453876806,-0.12528030035335688,0.0851793445878848,-1.1002305483452859,-0.929283801274484
1998-08,303.33884776649046,303.82014554332386,-0.10787389575971731,0.1292674280039722,-1.2338069754873473,-0.36684699470965354
1998-09,303.0884501923819,303.1733689407473,-0.087626722614841,0.1360245283018868,-1.16627165491122,-0.15140602001245773
1998-10,302.83922250848815,302.1321732937994,0.042892137809187283,0.10697338629592852,-0.3674167198268847,0.5218532338836713
1998-11,302.1412925024481,301.52409416613557,0.09965613957597173,0.019537735849056607,0.35448966642429885,0.0775293857202856
1998-12,301.16837850834384,300.34407538045957,0.16620777385159013,0.013352929493545183,0.71862994137442,0.5058536004600411
1999-01,300.7653780104725,299.62331877083227,0.152102871024735,-0.048814796425024835,0.9592467417517228,-0.21047827908930838
1999-02,300.9482267129594,298.93432535702146,0.1347166077738516,-0.09494865938430984,1.1031657838596645,-0.7929272746035144
1999-03,302.4372112710709,300.0468014071154,-0.00925136925795053,-0.022109036742800393,0.01776239772631734,-1.133545089896158
1999-04,302.92975209591594,301.57870859187767,-0.015910159010600708,0.03911658391261172,-0.3220871695102627,-0.5791472852465103
1999-05,303.65290980246573,302.5597378208792,-0.07119531802120142,0.0673537239324727,-0.7402246624851667,-0.7073267716486187
1999-06,302.9946255067808,302.81301656163475,-0.1376541519434629,0.10112562065541211,-1.2420095381115184,-0.8631100159150061
1999-07,302.4328452147417,302.5715734759114,-0.1630316696113074,0.12159354518371401,-1.4715254696261804,-0.8479774146328171
1999-08,302.28187373741537,302.2666124415018,-0.12803674911660778,0.13440367428003974,-1.3604617996222679,-0.46446433475633925
1999-09,302.3124535594126,302.1561615180144,-0.06282389575971732,0.1476332671300894,-1.1002181224569123,0.14533788326924973
1999-10,302.6040523076832,301.42755141718385,0.07292720848056539,0.09935104270109237,-0.1788924936504783,0.6675495119599045
1999-11,301.8812322077245,300.84059310451136,0.1370482332155477,0.044746772591857005,0.4154816760639094,0.6008517660311744
1999-12,300.1943113279689,299.99542403184773,0.23104810070671383,-0.04313445878848064,1.3260326017982966,0.4258866964976779
2000-01,300.5571357689216,298.65597453069245,0.153195406360424,-0.03571559086395234,0.8991377762982304,-0.07335925500061256
2000-02,300.90562398750575,298.5041027711153,0.1524881183745583,-0.04656911618669315,0.949932860873453,-0.1855158288274132
2000-03,301.95576312234476,299.1158385173018,0.09028131625441697,-0.017160675273088382,0.49127968100293984,-0.3530390337996766
2000-04,302.8304154530743,301.3547016049922,-0.039275088339222615,-0.020021151936444888,-0.14299785074431864,-1.3336975870063466
2000-05,303.705326577803,302.46823080654775,-0.0802874558303887,0.05225382323733863,-0.7101480130073874,-0.9229730662798579
2000-06,302.9113469577828,303.4408927884117,-0.12134147526501768,0.09292571996027806,-1.1192922785494508,-0.8239892923241463
2000-07,302.7634793952105,302.35856557391435,-0.10069319787985866,0.11113088381330685,-1.1070613249090893,-0.4927838239117228
2000-08,302.43437482534875,302.65457168209974,-0.13554651060070674,0.1643979145978153,-1.5482179973323276,-0.22409429302904454
2000-09,302.2080577235068,301.47214225725105,-0.027708038869257948,0.10060168818272096,-0.6889636039118878,-0.05997382777627523
2000-10,302.18118600533865,301.92850463799283,-0.013141166077738513,0.0925630585898709,-0.575793729469242,-0.03209860892668277
2000-11,301.5655092504809,300.37675748737905,0.21721713780918725,-0.0073815292949354515,1.0778008756962816,0.6765340404733973
2000-12,301.26866096183704,299.9543702034635,0.17355123674911663,-0.051327308838133065,1.079202030700763,-0.07755438775931452
2001-01,300.88282804897955,298.6548549286631,0.1506768992932862,-0.06851340615690169,1.050725007223682,-0.41508289809827786
2001-02,301.8164275319637,298.92319510836563,0.17189982332155476,-0.0748190665342602,1.1885412958332524,-0.32119621984955743
2001-03,301.7579191996948,299.85459773777757,0.05824964664310955,-0.04438927507447865,0.46723408369281627,-0.8568546832282887
2001-04,303.56827876863616,301.46493869943527,-0.002586572438162544,0.04496365441906653,-0.28465750437524656,-0.4235749216092122
2001-05,303.8007823445782,303.22542196328516,-0.08507234982332154,0.09185064548162862,-0.9323360966302736,-0.5679411566099101
2001-06,303.52237719888404,303.5751338610389,-0.1526367491166078,0.1452126117179742,-1.53772948143983,-0.5388006947382892
2001-07,302.81493464597963,302.44162795488853,-0.08585715547703181,0.17318430983118174,-1.3434456035845341,0.2277968552274956
2001-08,302.40558296814373,302.66631713697194,-0.09985300353356891,0.14788818272095333,-1.2868730426244483,-0.12437978065051507
2001-09,302.7603822292892,302.4103606357373,-0.03149624558303887,0.1259214498510427,-0.8346867588797151,0.1616913101574486
2001-10,302.48171696776205,302.08791858570373,0.064138648409894,0.12336901688182722,-0.3431317703983,0.8396246197615357
2001-11,301.7340607615693,300.6440280106311,0.21652985865724383,0.015267030784508438,0.960974717581082,0.8946729819433049
2001-12,301.3421940124179,299.1313021023128,0.23397751766784453,-0.06743972194637537,1.4623775180558034,0.20790536733975112
2002-01,300.49253698794104,298.02468454930715,0.15240825971731448,-0.12883982125124133,1.3614047056523124,-0.9968447867846991
2002-02,300.7330284519247,297.7916098542017,0.14486082155477034,-0.09487239324726912,1.153568926925427,-0.7175977068089493
2002-03,301.4894574298442,298.9306124788418,0.046238339222614847,-0.1039343594836147,0.705202321784655,-1.5319499297999732
2002-04,303.1972879215909,301.3182599710379,0.021200441696113074,-0.044180635551142,0.28071022286383984,-1.1271761275126726
2002-05,303.48171079264665,302.7639245577952,-0.018617579505300356,-0.027142204568023832,-0.003930102556523801,-1.252003049648285
2002-06,303.34850228261126,302.7084132386376,-0.10063418727915195,0.06297457795431977,-0.865681097335431,-0.9669093462149936
2002-07,302.8746629051491,302.613434068163,-0.10199372791519436,0.12158560079443895,-1.1659115909317461,-0.3993183625570333
2002-08,302.5773627298238,302.38205780765225,-0.09855786219081272,0.10739572989076465,-1.0776719063080826,-0.5138936219861091
2002-09,302.51933316005216,302.470933698127,-0.09246704946996469,0.1276813306852036,-1.1487352410977136,-0.26920959145629497
2002-10,302.9313862921437,302.2351477621609,0.042834363957597175,0.08063078450844091,-0.23582704636274246,0.2618336616899613
2002-11,302.5666306952358,300.9165349103433,0.15545026501766787,-0.012849255213505464,0.7959505865717532,0.16855571087852764
2002-12,302.15787276425,299.9314811425266,0.19016506183745582,-0.07016425024826216,1.256679121247588,-0.14104307718903794
2003-01,301.5076399169394,298.04213815987424,0.22505203180212016,-0.12107159880834162,1.686191020175838,-0.3862315301251924
2003-02,301.471887580152,298.04572492011647,0.14356002650176677,-0.08999424031777557,1.1226352738936611,-0.6790887961718779
2003-03,302.18394244318773,299.12036757869134,0.09147349823321556,-0.07583555114200596,0.7909919946103255,-0.9224896446993875
2003-04,303.6047276242499,301.230293627176,-0.02612963780918728,-0.01113545183714002,-0.12167227198893989,-1.1494904727607158
2003-05,303.4880790836895,302.72873400266184,-0.0533178445229682,0.030394041708043697,-0.46569353628393856,-0.9401170926910238
2003-06,303.23392023070153,302.418760231215,-0.12798785335689045,0.024231876861966234,-0.8086641976129065,-1.5497997942930715
2003-07,302.9093634891605,302.99202449955123,-0.14829196113074206,0.06572899702085402,-1.1180595424553845,-1.290135079022348
2003-08,302.6167296810385,302.23130088790293,-0.10306183745583039,0.05524141012909633,-0.8391200965697837,-1.0609638794840537
2003-09,302.38679103306265,302.31035608005476,-0.059939796819787984,0.044957696127110224,-0.5717549903167374,-0.8452817582483313
2003-10,302.4091363746835,301.537208443243,0.08652477915194347,0.02934260178748759,0.23966408929302482,0.07761322131642821
2003-11,302.39914140738074,300.46849900763624,0.19144271201413426,-0.03325670307845084,1.078305250118525,0.23205767479923653
2003-12,301.15953608345313,298.49198599479814,0.27937650176678447,-0.10644478649453823,1.8849293121025614,0.1572907078565632
2004-01,300.7387515832737,297.83332688453106,0.15867932862190814,-0.13339652432969218,1.4156117555545535,-0.9956456042126586
2004-02,300.92944778224125,297.87533096642,0.13086378091872794,-0.11596802383316783,1.1891065814170403,-1.0283890521861112
2004-03,301.9141054618639,298.57301949275114,0.08779946996466433,-0.09206117179741807,0.8538290026238474,-1.109396684200855
2004-04,303.4460646799113,300.7068238428711,-0.0258464222614841,-0.04851886792452831,0.06689809908001478,-1.515805568175807
2004-05,303.6491696023522,302.67796017654223,-0.04921099823321555,0.00879126117179742,-0.3369834908094623,-1.1228104383610693
2004-06,302.8394656022097,302.4325564414683,-0.10235287102473498,0.014910824230387289,-0.63366388040722,-1.4531920202068498
2004-07,302.6893256195253,302.7721693804797,-0.123864222614841,0.06780119165839127,-1.0061410347047743,-1.090127218143717
2004-08,302.1211524482902,302.7037288225977,-0.11895737632508833,0.06669136047666335,-0.9760197561580006,-1.0649900794909575
2004-09,302.6695640233189,302.1312271460658,-0.025754461130742052,0.09357894736842107,-0.6440254810466441,-0.11481760227924596
2004-10,302.5021557366134,300.96039645872224,0.15874116607773853,0.06109920556107249,0.44221780835915453,0.9214794552178046
2004-11,302.1189340448214,299.8464650766971,0.19519377208480568,-0.0018202581926514384,0.9397039719805627,0.5694270622247232
2004-12,301.3626841927661,297.8077558296261,0.19688162544169613,-0.11575114200595832,1.5185257891774138,-0.5409033005259676
2005-01,300.70332067490324,297.27339035390673,0.15429421378091873,-0.13410019860973188,1.397181368166268,-1.0348183935780673
2005-02,301.3779916468165,298.41408695562234,0.05533325971731449,-0.09317249255213506,0.6968570916833569,-1.3590326049691714
2005-03,301.80006629080833,298.35086723307785,0.08815101590106007,-0.08491618669314797,0.8198190237881776,-1.0364014902360819
2005-04,302.9612235509731,300.45596927986276,-0.011410733215547704,-0.05025203574975174,0.14784420993732084,-1.426757212072291
2005-05,303.4854912237711,302.9220845196684,-0.1366273409893993,0.01917070506454816,-0.8265783119240028,-1.6631910182956375
2005-06,303.17228249587527,302.6601100834073,-0.12834677561837457,0.0682785501489573,-1.0309718281766331,-1.118377789189593
2005-07,302.8735803550833,302.976478038772,-0.15708219964664313,0.10531489572989076,-1.360244886655118,-0.9646572160675447
2005-08,302.6929083702131,302.47434175359786,-0.1341773851590106,0.10101886792452831,-1.2240693726280134,-0.8386016030918947
2005-09,302.6644121578771,302.30929245089555,-0.06220936395759718,0.14245551142005958,-1.071220206845934,0.09883126368804404
2005-10,302.8431700283867,301.55796701052134,0.0586911219081272,0.10827169811320755,-0.2948220376319777,0.6507981387508966
2005-11,302.5518431231943,301.10463412773913,0.16658661660777385,0.046375571002979156,0.5552053669756338,0.8340624726633671
2005-12,300.9529780134687,299.39794677231964,0.20442159893992934,-0.04462055610724926,1.200172253001689,0.2154897513690607
2006-01,300.83517819146283,298.2891876735747,0.1460969081272085,-0.09508818272095335,1.16083745062608,-0.7106367848673041
2006-02,301.08645263889383,298.5302921151128,0.1654546378091873,-0.09127477656405164,1.238656961633506,-0.5307436199116858
2006-03,302.1526110472812,299.53031027459576,0.0349898851590106,-0.047253227408143,0.36512659139010845,-1.0560782635204762
2006-04,303.4538789141121,301.9132162558343,-0.007414266784452299,0.05011340615690169,-0.3346075696911774,-0.4083185007512467
2006-05,303.62685100081745,302.19691063843726,-0.03640092756183745,0.09702562065541212,-0.714579933908586,-0.15912259071794452
2006-06,303.0690831093967,302.93612484174696,-0.14807840106007067,0.15817785501489573,-1.5798169016895398,-0.3775219277228739
2006-07,302.51398341292577,302.6615033600906,-0.13257363074204948,0.1515844091360477,-1.469186652917217,-0.3285098412270288
2006-08,302.29079871837024,302.22431377021456,-0.12471634275618375,0.11925719960278056,-1.2680110956809594,-0.5893153379457676
2006-09,302.42513950282506,302.6781002209624,-0.050700441696113076,0.13335551142005958,-0.9680458068669681,0.09376577027259611
2006-10,302.4733140741167,301.54706625631883,0.06331263250883393,0.13114170804369416,-0.38617945773275175,0.9101484105606823
2006-11,302.4864341404874,300.87266176009666,0.12066921378091874,0.023984806355511413,0.43742401252717844,0.2758367599149466
2006-12,302.022769741378,299.5299527303817,0.2400220848056537,-0.015557199602780538,1.2328990686437147,0.7636232680436923
2007-01,300.86387521821644,298.3795872997696,0.1965372349823322,-0.0668017874875869,1.2717466274015004,-0.061060679264899595
2007-02,300.80965101000135,298.10945354232217,0.022279063604240285,-0.09619811320754716,0.5465251036367252,-1.631855855923478
2007-03,302.22263863998364,299.5204298922669,0.05191303003533569,-0.03252313803376366,0.3761056800907675,-0.7865044796447979
2007-04,303.10142496871333,300.8845604256556,0.05222632508833923,0.003087884806355512,0.19939474689157216,-0.43327013237505235
2007-05,303.36117281799426,302.50273477383735,-0.056581492932862194,0.04456127110228401,-0.5529576996268849,-0.8244988521406666
2007-06,303.5718672756149,303.49700988964184,-0.14158489399293286,0.1043382323733863,-1.2777712935998649,-0.8603490702952347
2007-07,302.9162280330827,303.5010475502958,-0.15676024734982333,0.1752222442899702,-1.7086100954549002,-0.2733839165274141
2007-08,302.4475316582449,302.86566457421014,-0.14932888692579505,0.1876219463753724,-1.7334830928537386,-0.09655656460653134
2007-09,302.5356780023792,302.76210756319233,-0.08769951413427564,0.15081857000993049,-1.2406994478045474,-0.006152349417684913
2007-10,302.47412217365803,301.6979977677623,0.03708427561837456,0.1226185700099305,-0.4748170540543124,0.6333315759949053
2007-11,301.8080485769878,300.0164595549145,0.21720022084805654,0.014944687189672293,0.9659444982658966,0.8964247800332744
2007-12,301.2018184195928,298.9830345595388,0.1910242932862191,-0.07268023833167826,1.2735764750059022,-0.15952016246491993
2008-01,300.9243273026876,298.4861563570495,0.17008118374558304,-0.058959285004965244,1.1000378570328564,-0.17827523465186582
2008-02,300.8950025268846,298.0234051361516,0.2094566254416961,-0.03198997020854022,1.1621466215134908,0.37697504960110856
2008-03,301.24024410327996,298.3711863443502,0.09083228798586572,-0.01607914597815293,0.48862355189669604,-0.338330413765632
2008-04,303.0224371459531,301.191069631215,0.02071731448763251,0.04962830188679246,-0.1913439228715401,-0.20628187707128892
2008-05,302.79660225178736,301.95256342626186,-0.04427570671378093,0.09917656405163854,-0.7647716855751056,-0.19581960413250768
2008-06,302.8839011415684,302.49781349549664,-0.12600887809187278,0.15553078450844093,-1.4560782767912732,-0.24135743802929327
2008-07,302.53894429811737,302.50652220305204,-0.07327570671378093,0.19833783515392256,-1.406385161464238,0.5681698644900773
2008-08,302.60665062473976,302.4392740585916,-0.06087124558303887,0.23120069513406158,-1.5088059964324854,0.9832138250270506
2008-09,302.56157280982836,302.84302029374345,-0.0671083480565371,0.2568779543197617,-1.6685787915899153,1.1903982090972076
2008-10,303.06908630019535,302.40909767621395,0.05683162544169612,0.2238406156901688,-0.8827036359847146,1.7760087267187608
2008-11,302.2358162885211,301.35670845166175,0.23479770318021206,0.12986176762661372,0.4787336187615007,2.158255168479717
2008-12,300.8666146308914,299.2745247604358,0.2634389134275618,0.04562204568023833,1.0438491692199474,1.5386733053886072
2009-01,300.13477964160995,297.7638223620084,0.22848418727915193,-0.05144687189672294,1.3548113024895942,0.3251221769884859
2009-02,301.17628972548295,298.83018901232754,0.07010097173144879,-0.029058689175769613,0.44981586832348985,-0.6186501569118051
2009-03,302.3114226711669,300.30695632631574,0.05749469964664311,0.029208937437934457,0.09500003275430989,-0.13712665548886485
2009-04,302.93366931642316,300.80737209238504,0.02691908127208481,0.06207646474677259,-0.22261524113586265,-0.03801666372202184
2009-05,303.3367955177207,301.51694744656015,-0.01598255300353357,0.07880615690168818,-0.521147413093172,-0.1885561080356093
2009-06,303.296371224695,302.0429856314854,-0.07158608657243817,0.12198818272095333,-1.0156973311890323,-0.17180089298087148
2009-07,302.83571689960996,302.61800759453297,-0.1121332597173145,0.1668448857994042,-1.4432545597243358,-0.027851459770082805
2009-08,302.8263365703716,302.94084089732064,-0.07386581272084806,0.18785412115193645,-1.3568548145809094,0.4605191154468331
2009-09,302.52718522099207,302.520345697069,-0.07118913427561838,0.17154885799404174,-1.261825564118925,0.3195162139169188
2009-10,302.4369891443093,301.14983276815707,0.04985441696113074,0.14530079443892752,-0.5244398927447093,0.9507382204243566
2009-11,302.2593042928158,300.3381558286954,0.23637906360424027,0.03562621648460775,0.9584216021131982,1.241230792148041
2009-12,301.41379470536225,299.1330987283374,0.20148639575971733,-0.028285600794438925,1.1037001029886402,0.3548846398930083
2010-01,301.319243081243,298.41258482637363,0.18711263250883395,-0.048549652432969215,1.1331886401565598,0.049518561047090986
2010-02,301.8398373181218,299.0903585131774,0.0798124116607774,-0.038700794438927516,0.5467054769777175,-0.6422725502586942
2010-03,302.6449429006819,299.83271542691926,0.10563661660777386,-0.0005339622641509434,0.48491461075808073,-0.07630129605067
2010-04,303.65565555073977,300.89619979791297,0.06847283568904594,-0.02027785501489573,0.39770546480524815,-0.5440885657758804
2010-05,304.22901881552366,302.8893723349361,-0.012289752650176679,0.05671529294935452,-0.39206671395489817,-0.3791032759547747
2010-06,303.81847993517533,303.19180887998624,-0.08591810954063606,0.1288103277060576,-1.121601393417226,-0.20993747261859702
2010-07,303.35748710847975,303.32128482898395,-0.09439430212014134,0.19349285004965242,-1.487855699181176,0.3651654474304287
2010-08,303.135956204508,303.1325588892308,-0.05837813604240283,0.22282005958291956,-1.4543687914620378,0.9189551086821742
2010-09,303.32255472327535,302.74754568689093,-0.015902694346289756,0.21040168818272095,-1.1795540215818001,1.108847462611207
2010-10,302.83544737873177,301.79278687687423,0.11965887809187281,0.1665847070506455,-0.281531582616506,1.6736687176011424
2010-11,302.02476955902097,300.4992568920307,0.242815371024735,0.04107606752730884,0.9633600964018826,1.3422549905234165
2010-12,301.60565238212695,299.8825260721013,0.25053555653710247,0.040594339622641515,1.00442131662219,1.3942648553630264
2011-01,300.7746882226308,298.265240458694,0.29360432862190816,0.008620158887785502,1.3801086782213154,1.3958052848466695
2011-02,300.8347838062409,297.84905798707166,0.17782539752650173,-0.04569324726911618,1.0723939625045067,0.009389504745652219
2011-03,301.21609026215873,298.4966766845799,0.1992600706713781,-0.02317030784508441,1.0669457775414803,0.38892617132354346
2011-04,301.77610833030644,299.34685474227365,0.08243414310954063,-0.025514101290963258,0.4938141335932563,-0.4930490652942516
2011-05,303.2866180855632,302.20346873623754,-0.05105587455830389,0.02709245283018868,-0.43784070448412254,-0.9560233097069774
2011-06,302.8625258526723,302.5227876167445,-0.11154606890459363,0.10386454816285998,-1.1250165886803092,-0.6441782755497021
2011-07,302.6313366439622,302.2759783983435,-0.0823767667844523,0.1354385302879841,-1.1370551326423672,-0.1185842694942588
2011-08,302.5923523455983,302.80987663844286,-0.06458202296819789,0.13509185700099308,-1.0462337980452852,0.008822406393003131
2011-09,302.2398091524025,302.4637666985062,-0.06103842756183746,0.133598411122145,-1.0210168698781137,0.0201568732101313
2011-10,302.08751247436703,300.7987573484615,0.11613962014134277,0.04836643495531281,0.29268582731984144,0.48280649491630956
2011-11,302.04142667998536,300.67856595446665,0.21853878091872794,0.03410029791459782,0.8767470386741822,1.095035750017306
2011-12,301.06980771500963,299.10721956389074,0.30264293286219085,0.013454816285998017,1.4011548875995066,1.509898524735534
2012-01,300.78438529734524,298.5318446470861,0.2062685070671378,-0.04437229394240318,1.2081755505954594,0.23151432337170752
2012-02,301.4050613277605,299.32665844730286,0.1778154593639576,0.007018768619662363,0.8084521655513599,0.528770328660427
2012-03,302.4602155950955,300.5313653904846,0.156965945229682,0.05273296921549157,0.4752143940408831,0.8259828232460911
2012-04,303.34030074817343,301.7346558920938,0.004808524734982333,0.03882999006951341,-0.21692849677102408,-0.42965239814233164
2012-05,303.28301905970216,303.1443637369756,-0.058675662544169616,0.09875412115193645,-0.8347472763180042,-0.30584785952387844
2012-06,302.7585271687355,302.23464692535566,-0.08505728798586573,0.17364657398212513,-1.3417554607611288,0.23823271396087825
2012-07,302.48111375282684,302.443449341092,-0.08547128975265018,0.20952413108242304,-1.5234418082034864,0.588746715830154
2012-08,302.4951473000825,302.1348432529145,-0.03936338339222615,0.18589255213505462,-1.1743051837754974,0.6948428788047672
2012-09,302.1662782207424,302.4879034743499,-0.004274558303886926,0.18569235352532276,-0.9976378258372081,0.9508352288987438
2012-10,302.363719368542,301.1413446109871,0.15536342756183746,0.12082194637537241,0.12631802424255412,1.4851885929003703
2012-11,302.72680869693716,301.1961930569842,0.1671104681978799,0.05700446871896723,0.5046164978649901,0.9426568560745096
2012-12,302.3864713495596,300.066073653529,0.2799041077738516,0.03742095332671301,1.1673359434273873,1.578903561600877
2013-01,301.5281696832221,298.5709496805281,0.2594803003533569,-0.01523495531281033,1.3286994374102645,0.9098513077492175
2013-02,301.3699729297719,298.7253389948622,0.19990185512367492,-0.043564150943396225,1.1722563912251072,0.19267201374253992
2013-03,302.3950484956941,299.699494674303,0.099523851590106,-0.00928282025819265,0.4981116769450125,-0.2074571549978934
2013-04,303.5166999964044,301.50723400924693,0.06243829505300353,0.10164081429990071,-0.24286639502134005,0.6130020573861957
2013-05,303.9679449381589,303.2704354322926,0.008181890459363959,0.14673187686196626,-0.7402293906776573,0.6584737874158492
2013-06,303.42498955864494,303.6019701493897,-0.08215136925795054,0.1913859980139027,-1.4160164041473355,0.43441065425312114
2013-07,302.7507144315408,303.03073671849484,-0.06520613957597174,0.2500060575968223,-1.624653008948881,1.136663281878819
2013-08,302.52157549134967,302.5017383050407,-0.05461192579505301,0.27187576961271104,-1.6811015097533646,1.4300660370887686
2013-09,302.73160962515243,302.50517411686127,-0.00922522084805654,0.20660784508440913,-1.127131493458754,1.1205520929746158
2013-10,302.28476438491026,301.3550840132349,0.1615623674911661,0.13633028798411123,0.07971238808896536,1.6835897484391205
2013-11,302.34767275831194,300.5412323531087,0.21965446113074202,0.08737100297914598,0.6156434580611921,1.6281975070348904
2013-12,301.11372139406313,299.2766572190587,0.27787848939929327,0.006723733862959286,1.3108745138233036,1.2615039804556054
2014-01,300.19801805601605,297.71719919567056,0.21581219081272085,-0.04679453823237339,1.2680805485179847,0.2778071995423689
2014-02,300.45876635990356,298.032860379866,0.14777080388692582,-0.045062760675273095,0.9187753161133663,-0.20535199789167788
2014-03,301.4418256831164,299.10493256866323,0.10162491166077739,-0.012034558093346574,0.5224062279069731,-0.21912780388417574
2014-04,303.61705424242615,301.15191647331227,0.018574779151943464,0.02326266137040715,-0.07007584728097581,-0.48185518756169676
2014-05,304.2779440427348,303.38809886382535,-0.02161793286219081,0.0723619662363456,-0.5170982654173509,-0.29349084808294956
2014-06,303.5409348323291,303.1239750569127,-0.09821051236749116,0.10149205561072494,-1.0463774187586932,-0.5695181142729802
2014-07,302.8943532285041,303.0070442405275,-0.06931590106007068,0.13409026812313807,-1.0649187489281327,-0.035850230850044774
2014-08,302.83944455165096,302.61471617140853,-0.046097835689045935,0.15718341608738828,-1.064293375202745,0.36241669385824316
2014-09,302.63617344514864,302.3805231851252,-0.03223586572438163,0.12054071499503476,-0.8114519569893688,0.1032289965566923
2014-10,302.85742820140314,301.4061743966409,0.1339378975265018,0.07484180734856008,0.24924570659634682,0.8745586906277607
2014-11,302.79759027932386,300.7779465296102,0.20086325088339224,-0.001060278053624628,0.964282383795152,0.6185970787322204
2014-12,301.92629101989894,298.9945382285578,0.28541810954063607,-0.035938927507447864,1.5622020799537286,0.8965116981916411
2015-01,300.718899166215,297.2063964276334,0.2453796378091873,-0.10414915590863952,1.7032382803855333,-0.07002422078249074
2015-02,300.6367525852138,297.6281425555506,0.15177579505300354,-0.09501330685203577,1.1888927982533257,-0.6681490051704924
2015-03,301.81594213173446,299.44923906434434,0.07907866607773853,-0.0358720953326713,0.5288708183472082,-0.619791290362933
2015-04,302.9242810671436,300.8581284255211,0.05347274734982332,-0.031816087388282024,0.38037438326896184,-0.7680701104405443
2015-05,304.0114606559108,302.8935220411239,-0.0542898409893993,0.04584101290963258,-0.5478917762466338,-0.7950398415141716
2015-06,303.6041062487174,303.86830983062316,-0.10560463780918729,0.08790357497517379,-1.0153666326402462,-0.7577866161469353
2015-07,302.95248906494083,302.74675604969383,-0.10208299469964664,0.11442601787487587,-1.1305154835736737,-0.47052919375691965
2015-08,302.8352706328693,303.10868256475044,-0.0953893109540636,0.08672681231380337,-0.9583344411720104,-0.6942822922523516
2015-09,302.75298517066517,303.3457426961651,-0.040142712014134274,0.10570804369414102,-0.7767792152119276,-0.10106987012336632
2015-10,302.9934183866974,301.8240696965778,0.0969160777385159,0.07202025819265145,0.07802897062091033,0.5745773903620504
2015-11,302.88296042567583,301.1697692126553,0.15230503533568907,0.016525620655412115,0.6331452571665874,0.43490925141104986
2015-12,302.40692650391037,299.4620901399542,0.2734769876325089,-0.04844468718967229,1.5650288247397386,0.6854844338903989
2016-01,302.0524075430718,298.8243260318043,0.21655547703180214,-0.10486266137040716,1.5625079715219434,-0.28896430983658483
2016-02,301.5403911602412,298.23383503725904,0.2972928003533569,-0.077472591857001,1.8295802052053063,0.5745156615042962
2016-03,302.1851270301364,299.03507218364865,0.13028507067137812,-0.055757994041708045,0.8847800523824324,-0.43930006266545535
2016-04,303.5308598421128,301.5266098563599,0.012317049469964664,-0.03420258192651441,0.18628421000888956,-1.0941554877144755
2016-05,304.19016042671353,303.4806935073442,0.0033946113074204962,0.03148351539225422,-0.18722832907133233,-0.5124434727879433
2016-06,303.54756747829106,303.50576673863617,-0.07251643109540636,0.07585292949354519,-0.789388101016379,-0.6332833429025861
2016-07,303.309852809947,303.70119134670944,-0.06184156360424028,0.1321648460774578,-1.017860754618191,0.00012523886346051214
2016-08,302.9673844393885,302.9874435997339,-0.09698303886925795,0.15779960278053626,-1.3221246645272389,-0.00560772576430889
2016-09,302.7741098987029,302.91473691763713,-0.048279902826855126,0.15452413108242308,-1.0619042804952026,0.3201685307942191
2016-10,302.4580937395855,302.4377028690717,-0.0018206713780918712,0.13359513406156903,-0.7245387477525143,0.4554803216462305
2016-11,302.534422366348,301.4120194208721,0.1850064487632509,0.07304180734856008,0.5139214127007378,1.2322650813501754
2016-12,301.7117051968134,299.95321740145624,0.24016015901060073,-0.014331082423038731,1.2274520016087935,0.7767212079427618
2017-01,301.09940677210557,298.5541028136409,0.2748650618374558,-0.08808897715988084,1.770449054860264,0.30501208866935925
2017-02,301.3357902383603,298.11726427469813,0.23686784452296822,-0.08446583912611719,1.5620851658861916,0.061369459842947796
2017-03,302.0748258996279,299.4142487312828,0.12024169611307423,-0.004986494538232373,0.5803226886489133,-0.012805767623074588
2017-04,303.13764013219657,301.0443877800445,0.062355653710247344,0.01755958291956306,0.17765555252384482,-0.21618930409038636
2017-05,303.83959635257855,302.85766219689435,-0.011486395759717315,0.042197715988083424,-0.31536555815385314,-0.5162615535080104
2017-06,303.30761141529655,303.15355988356606,-0.06840357773851591,0.12254280039721946,-1.0025413257482279,-0.14293828259873329
2017-07,302.86277353139207,303.0143883842589,-0.07322177561837456,0.16311817279046673,-1.229795051896907,0.22149196851496478
2017-08,302.7579101224953,302.7798553982677,-0.04469151943462898,0.16080248262164848,-1.0753710618245622,0.4084199370099508
2017-09,302.9857634585082,302.80214134625874,0.0025094081272084793,0.1649490566037736,-0.8598281508121367,0.7962933092354101
2017-10,302.871971636304,302.0533507425732,0.13111647526501768,0.13157080436941412,-0.04888142009157866,1.412855704258318
2017-11,302.1414622408489,301.1348729863229,0.2276401060070671,0.05232601787487587,0.8310676016740809,1.341553170686081
2017-12,301.2478991343481,299.72351506200533,0.31714430212014133,-0.0025673286991062553,1.5539646865457717,1.4586181199603512
2018-01,300.728848496615,298.7112909356576,0.20824522968197878,-0.07034101290963257,1.348078750325891,-0.009863632490936086
2018-02,301.0531765493809,297.9762858768291,0.20873096289752652,-0.07985809334657398,1.398155813240808,-0.10007929993128144
2018-03,302.0139732109413,299.10686785218064,0.12391850706713782,-0.04252164846077458,0.7866420533468237,-0.35566721619483777
2018-04,302.66581823385184,300.38196667408664,0.08022901943462898,-0.014603674280039721,0.42815378244846475,-0.40174315147554046
2018-05,304.00995615999625,303.1801539531354,-0.020125,0.0409485600794439,-0.3523593362912816,-0.5920805318672065
2018-06,303.44529578952813,302.801555872325,-0.09897190812720849,0.1091834160873883,-1.0886944328068715,-0.49932072896989665
2018-07,302.5856573620458,302.65271299690653,-0.08536303003533569,0.140043594836147,-1.1750595794917795,-0.09515771200521049
2018-08,302.41908354473213,302.4768345126001,-0.0602279593639576,0.15973128103277062,-1.1477883511613247,0.283643270428468
2018-09,302.48736190712475,302.3515504727437,-0.02318303886925795,0.14723783515392255,-0.8997845418558253,0.4328718168876621
2018-10,303.0131813501181,301.7316714134848,0.17133418727915198,0.09727110228401192,0.3241749382252467,1.3705187787650246
2018-11,302.49340899868406,300.97653711652777,0.21724752650176676,-0.006197418073485601,1.0720249972612954,0.6884263501243111
2018-12,302.1342834013454,300.14432602777475,0.24647548586572443,-0.0343175769612711,1.3591267493798116,0.6261919114335184
2019-01,301.41150995050856,298.82246936478174,0.2796817137809187,-0.06717656405163853,1.6898688828692001,0.546505734706742
2019-02,301.65187994891386,299.1784464486424,0.15245401943462897,-0.028441310824230386,0.8590089612585409,-0.007124914697482455
2019-03,302.59800743473227,300.55774293394825,0.10674620141342757,0.021260575968222447,0.38135957613197735,0.14663177648571046
2019-04,303.82407801187117,302.4010319437208,0.06936121908127209,0.025668619662363452,0.17213124634070717,-0.08477493486894193
2019-05,304.02475692980664,303.37151446888214,0.01087703180212014,0.0662441906653426,-0.3237913930454958,-0.11488311719917309
2019-06,303.642459387897,304.154046261499,-0.054445318021201415,0.12627557100297915,-0.9513494831962368,-0.0035354452822433974
2019-07,303.312112102678,303.06042602106123,-0.07826329505300354,0.1506832174776564,-1.1927813109144425,0.061886789642328764
2019-08,302.68324501435126,302.33326181708674,-0.0940987632508834,0.12667050645481628,-1.15184359902233,-0.2911668185947255
2019-09,302.2228960528934,301.917022358378,0.0033604240282685514,0.1187095332671301,-0.624078892850399,0.34687948767251064
2019-10,303.1933184905909,301.8796326341974,0.12035198763250883,0.09370139026812314,0.08681391076601858,0.9605310597565679
2019-11,302.7256795753228,300.20556139002554,0.22981325088339227,0.03978857994041708,0.9047131584667353,1.2339786740473164
2019-12,301.3531030073654,298.68544251014174,0.26932053886925794,-0.006962462760675268,1.3365480404123389,1.0637163476049594
2020-01,301.444519323855,298.6323650178502,0.18492787102473499,-0.08286732869910626,1.294055577308725,-0.30472902479785335
2020-02,301.41574794169924,298.259505287409,0.22734752650176682,-0.07278570009930486,1.4559493666699186,0.10648087119085371
2020-03,302.32599547352686,299.67806830621294,0.045448012367491165,-0.056943197616683226,0.46599396501322454,-1.0746828665700254
2020-04,303.35511310017733,300.8180912337556,0.10600291519434629,-0.002124726911618669,0.49471225191228857,-0.08928464110550506
2020-05,304.08008771735547,303.07320030797746,0.014954770318021204,0.07268778550148958,-0.33563557408421063,-0.021405680705402406
2020-06,303.8802135339882,303.9484739117499,-0.05529902826855124,0.16178927507447866,-1.1334155856117993,0.3401603052253001
2020-07,303.4695856124105,304.19759852781533,-0.04737787102473499,0.19874409136047666,-1.2787667259025903,0.7625684566661236
2020-08,303.2911670850374,303.1948996840835,-0.04568935512367491,0.18029314796425025,-1.1779425972783746,0.5931560630801098
2020-09,303.20564776617744,303.8664132009294,0.007068860424028269,0.2018227408142999,-1.0216028155023287,1.193187434151049
2020-10,302.447909864523,302.33158721334877,0.13517416077738517,0.14417994041708043,-0.09169252718077231,1.566944430497793
2020-11,302.238298453665,300.819608272279,0.2848450530035336,0.08064071499503477,0.9757007929885585,2.041140158304615
2020-12,301.31647572489175,299.6036340560706,0.3028020318021202,0.02708639523336644,1.3337076420153,1.645401439659179
2021-01,300.58030990569944,298.37477813122433,0.2945744699646643,-0.01093882820258193,1.4828836065414206,1.2101922751413736
2021-02,300.99460741031675,298.1261622533401,0.17588272968197882,-0.05129731876861967,1.0907240391766584,-0.06011823242875997
2021-03,301.9391571515486,299.7121449250475,0.12259765901060071,-0.023001588877855014,0.6823062655052355,-0.17301613764724966
2021-04,303.18417448553276,300.7203314974006,0.07132985865724382,0.04984111221449851,0.06097214840387722,0.16790741774489107
2021-05,303.7866136446579,303.25430077433595,-0.01988599823321555,0.10980009930486595,-0.6958541243015827,0.08817839415043792
2021-06,303.4769370415164,303.0707572832477,-0.0700827296819788,0.17626444885799405,-1.2798942250186642,0.37412034160118696
2021-07,303.163866075546,303.393981466385,-0.052511042402826856,0.24525779543197618,-1.537326359331779,1.1832027571091082
2021-08,302.83314439299113,303.2572257124314,-0.03391104240282685,0.25090119165839125,-1.4724617437471423,1.375559014983639
2021-09,302.8174800970475,303.41170769460786,-0.025014664310954064,0.24347805362462763,-1.3907613878116767,1.3678114212984849
2021-10,302.8647000978373,302.3241006299059,0.10416143992932862,0.18680039721946376,-0.4603221346021577,1.7589518014916123
2021-11,302.4984867808677,301.72374313248315,0.2397298144876325,0.15190566037735848,0.3930669467936163,2.4117478835635815
2021-12,300.98938357535195,299.81817019302537,0.3456185954063604,0.06822035749751738,1.3421312452229242,2.365536497432294
2022-01,301.20396485633864,299.049791310444,0.23334681978798585,-0.009852929493545184,1.1709234304938336,0.77076129747744
2022-02,301.61358252784936,298.9817053609345,0.2883579505300353,0.012282522343594834,1.335508865960992,1.3933260744517768
2022-03,302.29522385840977,300.2768186913174,0.13099496466431096,0.07291618669314798,0.24415273884218955,0.8339467540048836
2022-04,303.14635800740376,301.02947844767124,0.12630357773851592,0.08733147964250249,0.14849901145670044,0.9415131372211392
2022-05,303.42215234884304,302.48148381202975,0.03826064487632509,0.1136845084409136,-0.4242012275270457,0.5539387070058382
2022-06,303.4715004009065,303.287990128219,-0.043937720848056534,0.1871172790466733,-1.2033370263415275,0.6732825181959143
2022-07,302.9284467206683,303.2569997329274,-0.03447098056537103,0.23927785501489574,-1.417075077451951,1.256899569969348
2022-08,303.06777379890326,303.1323352026108,-0.0034986749116607788,0.26323704071499504,-1.381965311205387,1.720708364154861
2022-09,302.73754100858787,303.01232541524473,0.038981139575971734,0.28815213505461773,-1.2940310932450312,2.2785378600064514
2022-10,302.3294115659567,302.3326020605875,0.20608754416961134,0.24868113207547168,-0.2598430942265127,3.118097404890076
2022-11,302.02354357579617,301.29962065852305,0.22780432862190814,0.07692681231380338,0.7087308485191167,1.5851905800207573
2022-12,301.553688851145,300.33304823846805,0.36809946996466436,0.07812989076464748,1.405067122130553,2.6284649966121365
2023-01,300.75036147762745,298.94778300674847,0.2639501325088339,0.03238689175769613,1.1126676046801172,1.412005014551552
2023-02,301.0717091003798,298.57084389263844,0.2662886925795053,0.01625868917576961,1.2051177159504463,1.2702611967260309
2023-03,301.49072955882775,298.6140491242092,0.1702131183745583,-0.0017666335650446871,0.814374922084456,0.386303312197346
2023-04,303.456616800891,300.4965931163359,0.05727354240282686,0.06316166832174777,-0.0760846245499668,0.1958367749034535
2023-05,304.05188935878266,302.70162654697845,0.024628842756183746,0.13124806355511423,-0.5803744724908486,0.6268018989221541
2023-06,303.4660285135144,303.29947585736,-0.042039001766784455,0.15119314796425026,-1.0139845788131745,0.33322486079845065
2023-07,303.1892520106433,303.444535313216,-0.07158674911660778,0.16038172790466734,-1.207910164773029,0.20654585005441276
2023-08,302.7700397947819,303.2333039062373,-0.068536925795053,0.16865412115193645,-1.2340559045452049,0.3104882925380388
2023-09,302.6230399162114,303.2145255543056,0.020231581272084808,0.17140446871896725,-0.8034233910583293,0.9901980415790755
2023-10,303.2932542048555,302.94353597663235,0.08099240282685513,0.13816365441906656,-0.3328232183131238,1.109324354393072
2023-11,302.9853289728591,301.7845838556381,0.21967968197879859,0.04621181727904668,0.8218248575629525,1.2227771321753136
2023-12,301.993634298523,299.8958650567087,0.27764717314487636,-0.031571598808341615,1.5014343114086965,0.8824196224080937
2024-01,301.7159104620016,298.61089892512035,0.2922851148409894,-0.08182869910625622,1.826318210449686,0.4947727401594905
2024-02,301.98244735815393,298.7949313119379,0.21307871024734984,-0.0625480635551142,1.333262768553404,0.10246715033284746
2024-03,302.7404676263513,299.5888581483904,0.16564483215547704,0.005869314796425028,0.7532768906554114,0.4279672253022781
2024-04,304.0184605491044,302.3664325177959,0.030367800353356893,0.11254061569016884,-0.45798848921648777,0.48463971027331926
2024-05,304.69036458877275,303.4437333665111,0.05455393109540637,0.15616444885799405,-0.5552994140336054,1.0923445687523963
2024-06,303.96665119184047,303.7732242654411,-0.04832636925795054,0.20666713008937437,-1.3231802809320004,0.8336733942507278
2024-07,303.1547542102969,304.1048922876281,-0.04046806537102473,0.22508232373386297,-1.3760312137736577,1.0729195805234462
2024-08,303.4111805284978,303.70245528989386,-0.015424734982332154,0.24602055610724927,-1.3554798710488796,1.4633696950669395
2024-09,302.721850788133,303.011205411726,-0.0500749558303887,0.23849026812313803,-1.4912503283879668,1.1344212975859174
2024-10,303.3628910187586,302.51380658995873,0.13752332155477032,0.22133505461767627,-0.4661933992481327,2.34454487876356
2024-11,302.9846082825734,301.26441680601164,0.31124235865724387,0.11053177755710031,0.9582100058373259,2.529770627243799
2024-12,301.7409854009229,300.42396819171887,0.31690216431095414,0.03979116186693148,1.3406932589779612,1.8742623951634316
2025-01,301.0408497305452,298.9446081022731,0.3348749116607774,-0.020095431976166835,1.7304802991935606,1.4162378088455723
2025-02,301.2524035226883,298.0685396321101,0.24825141342756188,-0.03761876861966237,1.384544319620627,0.6067163334465041
2025-03,301.968561669747,299.2863424584659,0.19830189929328623,0.0006465739821251237,0.9429144858285166,0.6165868739276122
2025-04,302.9357541706993,301.1031315197485,0.08543445229681979,0.07392989076464747,0.01098834651664387,0.5089856343300787
2025-05,303.78240063793845,303.41516186743553,0.007878489399293288,0.1482501489572989,-0.7493492287934905,0.6712051586343928
2025-06,303.33914224599425,303.0332250954313,-0.06964509717314488,0.1910498510427011,-1.3517234312509174,0.5230413971383697
2025-07,303.12537647405327,302.7633004447056,-0.0505934187279152,0.2123872889771599,-1.3631666237092723,0.8733762186674832
2025-08,303.11623945281275,302.6295833101898,-0.003238555796192865,0.21301068007816254,-1.1292149640788554,1.2276618613771966
2025-09,302.76545031200345,302.4581770720938,0.0385500765606596,0.21808494869248596,-0.945411929563835,1.584887271080103
2025-10,302.80474387031046,302.0863898799457,0.15871303003533568,0.18617915879168404,-0.18411053038089492,2.1538808978312565
2025-11,301.85343440881184,300.537767683163,0.3151976236749117,0.12341065541211521,0.9135357434738568,2.685764568501271
2025-12,301.10315706687936,299.63195540393747,0.3350558774079563,0.0865080116603133,1.1976976936216033,2.468098591410861
2026-01,301.2020581760785,298.94930336233193,0.3134206257836544,0.021621507511932602,1.414226339365023,1.6696128945545594
2026-02,,,0.22532774640333167,0.006689328273513974,1.047962095004754,0.8748235806898372
2026-03,,,0.21239257950530038,0.03485609355203233,0.8421935867593218,1.0572982831632671
